
{
    "region" : "us-west-2",
    "profile" : "MarceloFyR3",
    "configuration" : "Release",
    "application"   : "HiringDevAPI",
    "environment"   : "HiringDevAPI-dev",
    "cname"         : "hiringdevapi-dev1",
    "solution-stack" : "64bit Windows Server Core 2016 v2.5.1 running IIS 10.0",
    "environment-type" : "SingleInstance",
    "instance-profile" : "aws-elasticbeanstalk-ec2-role",
    "service-role"     : "aws-elasticbeanstalk-service-role",
    "health-check-url" : "/",
    "instance-type"    : "c1.medium",
    "key-pair"         : "",
    "iis-website"      : "Default Web Site",
    "app-path"         : "/",
    "enable-xray"      : false
}